Dataset,Class,Accuracy_None,Accuracy_one,Accuracy_1,Accuracy_5,Accuracy_10,Accuracy_25,Accuracy_50,Accuracy_75,Accuracy_90,Accuracy_99
breastmnist,0,61.904761904761905,59.523809523809526,73.80952380952381,69.04761904761905,52.38095238095238,66.66666666666667,66.66666666666667,59.523809523809526,47.61904761904762,0.0
breastmnist,1,87.71929824561404,89.47368421052632,87.71929824561404,93.85964912280701,90.35087719298245,92.98245614035088,87.71929824561404,78.0701754385965,93.85964912280701,100.0
